rank,season,combo_key,combo_url,blade,assist_blade,ratchet,bit,lock_chip,score,placements_1st,placements_2nd,placements_3rd,placements_4th,total_placements,win_rate,podium_rate,blade_weight_g,blade_type,blade_spin,blade_contact_points,ratchet_weight_g,ratchet_gears,ratchet_burst_resistance,bit_weight_g,bit_type,bit_height_mm,assist_weight_g,assist_type,assist_high_level_mm
1,Season 2026,WizardRod|None|1-60|Hexa|None,https://beybladexmeta.com/combo/WizardRod|None|1-60|Hexa|None?season=Season+2026,WizardRod,None,1-60,Hexa,None,16709,24,16,16,7,63,0.381,0.8889,35.0,Stamina,Right,,6.0,,,3.0,Balance,,,,
2,Season 2026,SharkScale|None|1-70|LowRush|None,https://beybladexmeta.com/combo/SharkScale|None|1-70|LowRush|None?season=Season+2026,SharkScale,None,1-70,LowRush,None,7476,8,9,8,5,30,0.2667,0.8333,37.0,Attack,Right,,6.0,,,2.0,Attack,,,,
3,Season 2026,SilverWolf|None|9-60|FreeBall|None,https://beybladexmeta.com/combo/SilverWolf|None|9-60|FreeBall|None?season=Season+2026,SilverWolf,None,9-60,FreeBall,None,4423,6,3,3,2,14,0.4286,0.8571,36.0,Stamina,Right,,6.0,,,2.0,Stamina,,,,
4,Season 2026,SharkScale|None|3-60|LowRush|None,https://beybladexmeta.com/combo/SharkScale|None|3-60|LowRush|None?season=Season+2026,SharkScale,None,3-60,LowRush,None,3833,5,4,3,6,18,0.2778,0.6667,37.0,Attack,Right,,6.0,,,2.0,Attack,,,,
5,Season 2026,SilverWolf|None|9-70|FreeBall|None,https://beybladexmeta.com/combo/SilverWolf|None|9-70|FreeBall|None?season=Season+2026,SilverWolf,None,9-70,FreeBall,None,3468,3,6,3,3,15,0.2,0.8,36.0,Stamina,Right,,6.0,,,2.0,Stamina,,,,
6,Season 2026,CobaltDragoon|None|5-60|Elevate|None,https://beybladexmeta.com/combo/CobaltDragoon|None|5-60|Elevate|None?season=Season+2026,CobaltDragoon,None,5-60,Elevate,None,2760,3,5,2,2,12,0.25,0.8333,38.0,Attack,Left,,6.0,,,3.0,Balance,,,,
7,Season 2026,HoverWyvern|None|9-60|Kick|None,https://beybladexmeta.com/combo/HoverWyvern|None|9-60|Kick|None?season=Season+2026,HoverWyvern,None,9-60,Kick,None,2285,5,2,1,2,10,0.5,0.8,35.0,Defense,Right,,6.0,,,2.0,Balance,,,,
8,Season 2026,PhoenixWing|None|3-60|Rush|None,https://beybladexmeta.com/combo/PhoenixWing|None|3-60|Rush|None?season=Season+2026,PhoenixWing,None,3-60,Rush,None,2180,1,4,4,0,9,0.1111,1.0,39.0,Attack,Right,,6.0,,,2.0,Attack,,,,
9,Season 2026,CobaltDragoon|None|9-60|Elevate|None,https://beybladexmeta.com/combo/CobaltDragoon|None|9-60|Elevate|None?season=Season+2026,CobaltDragoon,None,9-60,Elevate,None,1681,2,2,0,0,4,0.5,1.0,38.0,Attack,Left,,6.0,,,3.0,Balance,,,,
10,Season 2026,WizardRod|None|1-60|Ball|None,https://beybladexmeta.com/combo/WizardRod|None|1-60|Ball|None?season=Season+2026,WizardRod,None,1-60,Ball,None,1572,3,0,1,2,6,0.5,0.6667,35.0,Stamina,Right,,6.0,,,2.0,Stamina,,,,
11,Season 2026,WizardRod|None|9-60|Ball|None,https://beybladexmeta.com/combo/WizardRod|None|9-60|Ball|None?season=Season+2026,WizardRod,None,9-60,Ball,None,1481,0,3,3,1,7,0.0,0.8571,35.0,Stamina,Right,,6.0,,,2.0,Stamina,,,,
12,Season 2026,SharkScale|None|4-50|LowRush|None,https://beybladexmeta.com/combo/SharkScale|None|4-50|LowRush|None?season=Season+2026,SharkScale,None,4-50,LowRush,None,1162,2,1,1,1,5,0.4,0.8,37.0,Attack,Right,,5.0,,,2.0,Attack,,,,
13,Season 2026,HoverWyvern|None|9-60|Level|None,https://beybladexmeta.com/combo/HoverWyvern|None|9-60|Level|None?season=Season+2026,HoverWyvern,None,9-60,Level,None,1096,2,0,0,1,3,0.6667,0.6667,35.0,Defense,Right,,6.0,,,2.0,Attack,,,,
14,Season 2026,SharkScale|None|1-60|LowRush|None,https://beybladexmeta.com/combo/SharkScale|None|1-60|LowRush|None?season=Season+2026,SharkScale,None,1-60,LowRush,None,977,1,2,0,0,3,0.3333,1.0,37.0,Attack,Right,,6.0,,,2.0,Attack,,,,
15,Season 2026,WizardRod|None|1-60|FreeBall|None,https://beybladexmeta.com/combo/WizardRod|None|1-60|FreeBall|None?season=Season+2026,WizardRod,None,1-60,FreeBall,None,945,0,3,0,0,3,0.0,1.0,35.0,Stamina,Right,,6.0,,,2.0,Stamina,,,,
16,Season 2026,SharkScale|None|3-60|LowOrb|None,https://beybladexmeta.com/combo/SharkScale|None|3-60|LowOrb|None?season=Season+2026,SharkScale,None,3-60,LowOrb,None,871,1,2,0,0,3,0.3333,1.0,37.0,Attack,Right,,6.0,,,2.0,Stamina,,,,
17,Season 2026,ClockMirage|None|7-55|LowOrb|None,https://beybladexmeta.com/combo/ClockMirage|None|7-55|LowOrb|None?season=Season+2026,ClockMirage,None,7-55,LowOrb,None,861,0,0,2,2,4,0.0,0.5,37.0,Stamina,Right,,4.0,,,2.0,Stamina,,,,
18,Season 2026,SharkScale|None|3-60|FreeBall|None,https://beybladexmeta.com/combo/SharkScale|None|3-60|FreeBall|None?season=Season+2026,SharkScale,None,3-60,FreeBall,None,849,1,2,1,1,5,0.2,0.8,37.0,Attack,Right,,6.0,,,2.0,Stamina,,,,
19,Season 2026,AeroPegasus|None|1-60|Rush|None,https://beybladexmeta.com/combo/AeroPegasus|None|1-60|Rush|None?season=Season+2026,AeroPegasus,None,1-60,Rush,None,790,1,1,1,1,4,0.25,0.75,38.0,Attack,Right,,6.0,,,2.0,Attack,,,,
20,Season 2026,HoverWyvern|None|9-60|Rush|None,https://beybladexmeta.com/combo/HoverWyvern|None|9-60|Rush|None?season=Season+2026,HoverWyvern,None,9-60,Rush,None,789,1,0,2,1,4,0.25,0.75,35.0,Defense,Right,,6.0,,,2.0,Attack,,,,
21,Season 2026,PhoenixWing|None|1-60|Rush|None,https://beybladexmeta.com/combo/PhoenixWing|None|1-60|Rush|None?season=Season+2026,PhoenixWing,None,1-60,Rush,None,774,1,2,0,1,4,0.25,0.75,39.0,Attack,Right,,6.0,,,2.0,Attack,,,,
22,Season 2026,GolemRock|None|0-60|Hexa|None,https://beybladexmeta.com/combo/GolemRock|None|0-60|Hexa|None?season=Season+2026,GolemRock,None,0-60,Hexa,None,760,2,0,0,0,2,1.0,1.0,34.0,Defense,Right,,7.0,,,3.0,Balance,,,,
23,Season 2026,SharkScale|None|7-60|LowRush|None,https://beybladexmeta.com/combo/SharkScale|None|7-60|LowRush|None?season=Season+2026,SharkScale,None,7-60,LowRush,None,760,2,0,0,0,2,1.0,1.0,37.0,Attack,Right,,7.0,,,2.0,Attack,,,,
24,Season 2026,AeroPegasus|None|3-60|LowRush|None,https://beybladexmeta.com/combo/AeroPegasus|None|3-60|LowRush|None?season=Season+2026,AeroPegasus,None,3-60,LowRush,None,750,1,0,0,0,1,1.0,1.0,38.0,Attack,Right,,6.0,,,2.0,Attack,,,,
25,Season 2026,SilverWolf|None|9-80|FreeBall|None,https://beybladexmeta.com/combo/SilverWolf|None|9-80|FreeBall|None?season=Season+2026,SilverWolf,None,9-80,FreeBall,None,720,1,0,1,0,2,0.5,1.0,36.0,Stamina,Right,,7.0,,,2.0,Stamina,,,,
26,Season 2026,SharkScale|None|7-60|Kick|None,https://beybladexmeta.com/combo/SharkScale|None|7-60|Kick|None?season=Season+2026,SharkScale,None,7-60,Kick,None,711,0,1,1,0,2,0.0,1.0,37.0,Attack,Right,,7.0,,,2.0,Balance,,,,
27,Season 2026,MeteorDragoon|None|9-70|Level|None,https://beybladexmeta.com/combo/MeteorDragoon|None|9-70|Level|None?season=Season+2026,MeteorDragoon,None,9-70,Level,None,680,1,1,0,0,2,0.5,1.0,39.0,Attack,Left,,6.0,,,2.0,Attack,,,,
28,Season 2026,SharkScale|None|9-60|Kick|None,https://beybladexmeta.com/combo/SharkScale|None|9-60|Kick|None?season=Season+2026,SharkScale,None,9-60,Kick,None,650,2,0,0,0,2,1.0,1.0,37.0,Attack,Right,,6.0,,,2.0,Balance,,,,
29,Season 2026,SharkScale|None|1-70|Rush|None,https://beybladexmeta.com/combo/SharkScale|None|1-70|Rush|None?season=Season+2026,SharkScale,None,1-70,Rush,None,648,0,1,1,0,2,0.0,1.0,37.0,Attack,Right,,6.0,,,2.0,Attack,,,,
30,Season 2026,WizardRod|None|9-60|Hexa|None,https://beybladexmeta.com/combo/WizardRod|None|9-60|Hexa|None?season=Season+2026,WizardRod,None,9-60,Hexa,None,580,0,1,1,0,2,0.0,1.0,35.0,Stamina,Right,,6.0,,,3.0,Balance,,,,
31,Season 2026,SharkScale|None|9-60|FreeBall|None,https://beybladexmeta.com/combo/SharkScale|None|9-60|FreeBall|None?season=Season+2026,SharkScale,None,9-60,FreeBall,None,567,1,1,0,0,2,0.5,1.0,37.0,Attack,Right,,6.0,,,2.0,Stamina,,,,
32,Season 2026,GolemRock|None|9-60|Hexa|None,https://beybladexmeta.com/combo/GolemRock|None|9-60|Hexa|None?season=Season+2026,GolemRock,None,9-60,Hexa,None,565,0,0,2,0,2,0.0,1.0,34.0,Defense,Right,,6.0,,,3.0,Balance,,,,
33,Season 2026,SharkScale|None|3-60|Jolt|None,https://beybladexmeta.com/combo/SharkScale|None|3-60|Jolt|None?season=Season+2026,SharkScale,None,3-60,Jolt,None,545,0,1,1,0,2,0.0,1.0,37.0,Attack,Right,,6.0,,,2.0,Attack,,,,
34,Season 2026,HoverWyvern|None|1-60|LowRush|None,https://beybladexmeta.com/combo/HoverWyvern|None|1-60|LowRush|None?season=Season+2026,HoverWyvern,None,1-60,LowRush,None,540,0,0,2,0,2,0.0,1.0,35.0,Defense,Right,,6.0,,,2.0,Attack,,,,
35,Season 2026,WizardRod|None|9-60|UnderNeedle|None,https://beybladexmeta.com/combo/WizardRod|None|9-60|UnderNeedle|None?season=Season+2026,WizardRod,None,9-60,UnderNeedle,None,531,1,0,1,2,4,0.25,0.5,35.0,Stamina,Right,,6.0,,,2.0,Defense,,,,
36,Season 2026,HoverWyvern|None|1-70|LowRush|None,https://beybladexmeta.com/combo/HoverWyvern|None|1-70|LowRush|None?season=Season+2026,HoverWyvern,None,1-70,LowRush,None,525,1,0,1,0,2,0.5,1.0,35.0,Defense,Right,,6.0,,,2.0,Attack,,,,
37,Season 2026,WizardRod|None|6-60|Hexa|None,https://beybladexmeta.com/combo/WizardRod|None|6-60|Hexa|None?season=Season+2026,WizardRod,None,6-60,Hexa,None,525,0,0,2,0,2,0.0,1.0,35.0,Stamina,Right,,6.0,,,3.0,Balance,,,,
38,Season 2026,SilverWolf|None|9-60|Ball|None,https://beybladexmeta.com/combo/SilverWolf|None|9-60|Ball|None?season=Season+2026,SilverWolf,None,9-60,Ball,None,520,1,1,0,0,2,0.5,1.0,36.0,Stamina,Right,,6.0,,,2.0,Stamina,,,,
39,Season 2026,HoverWyvern|None|1-60|Rush|None,https://beybladexmeta.com/combo/HoverWyvern|None|1-60|Rush|None?season=Season+2026,HoverWyvern,None,1-60,Rush,None,513,0,1,1,0,2,0.0,1.0,35.0,Defense,Right,,6.0,,,2.0,Attack,,,,
40,Season 2026,MeteorDragoon|None|5-60|Level|None,https://beybladexmeta.com/combo/MeteorDragoon|None|5-60|Level|None?season=Season+2026,MeteorDragoon,None,5-60,Level,None,480,1,0,0,0,1,1.0,1.0,39.0,Attack,Left,,6.0,,,2.0,Attack,,,,
41,Season 2026,WizardRod|None|1-70|Ball|None,https://beybladexmeta.com/combo/WizardRod|None|1-70|Ball|None?season=Season+2026,WizardRod,None,1-70,Ball,None,480,1,0,0,0,1,1.0,1.0,35.0,Stamina,Right,,6.0,,,2.0,Stamina,,,,
42,Season 2026,WizardRod|None|9-60|FreeBall|None,https://beybladexmeta.com/combo/WizardRod|None|9-60|FreeBall|None?season=Season+2026,WizardRod,None,9-60,FreeBall,None,468,0,1,1,1,3,0.0,0.6667,35.0,Stamina,Right,,6.0,,,2.0,Stamina,,,,
43,Season 2026,HoverWyvern|None|3-60|Level|None,https://beybladexmeta.com/combo/HoverWyvern|None|3-60|Level|None?season=Season+2026,HoverWyvern,None,3-60,Level,None,460,1,0,0,0,1,1.0,1.0,35.0,Defense,Right,,6.0,,,2.0,Attack,,,,
44,Season 2026,SharkScale|None|9-60|LowOrb|None,https://beybladexmeta.com/combo/SharkScale|None|9-60|LowOrb|None?season=Season+2026,SharkScale,None,9-60,LowOrb,None,460,1,0,0,0,1,1.0,1.0,37.0,Attack,Right,,6.0,,,2.0,Stamina,,,,
45,Season 2026,SharkScale|None|3-60|Rush|None,https://beybladexmeta.com/combo/SharkScale|None|3-60|Rush|None?season=Season+2026,SharkScale,None,3-60,Rush,None,433,0,1,1,1,3,0.0,0.6667,37.0,Attack,Right,,6.0,,,2.0,Attack,,,,
46,Season 2026,AeroPegasus|None|7-60|Rush|None,https://beybladexmeta.com/combo/AeroPegasus|None|7-60|Rush|None?season=Season+2026,AeroPegasus,None,7-60,Rush,None,429,0,1,0,1,2,0.0,0.5,38.0,Attack,Right,,7.0,,,2.0,Attack,,,,
47,Season 2026,GolemRock|None|1-60|Rush|None,https://beybladexmeta.com/combo/GolemRock|None|1-60|Rush|None?season=Season+2026,GolemRock,None,1-60,Rush,None,420,1,0,0,0,1,1.0,1.0,34.0,Defense,Right,,6.0,,,2.0,Attack,,,,
48,Season 2026,PhoenixWing|None|7-60|Kick|None,https://beybladexmeta.com/combo/PhoenixWing|None|7-60|Kick|None?season=Season+2026,PhoenixWing,None,7-60,Kick,None,415,0,0,2,0,2,0.0,1.0,39.0,Attack,Right,,7.0,,,2.0,Balance,,,,
49,Season 2026,WizardRod|None|3-60|FreeBall|None,https://beybladexmeta.com/combo/WizardRod|None|3-60|FreeBall|None?season=Season+2026,WizardRod,None,3-60,FreeBall,None,385,0,2,0,0,2,0.0,1.0,35.0,Stamina,Right,,6.0,,,2.0,Stamina,,,,
50,Season 2026,PhoenixWing|None|9-60|LowOrb|None,https://beybladexmeta.com/combo/PhoenixWing|None|9-60|LowOrb|None?season=Season+2026,PhoenixWing,None,9-60,LowOrb,None,380,1,0,0,0,1,1.0,1.0,39.0,Attack,Right,,6.0,,,2.0,Stamina,,,,
51,Season 2026,SilverWolf|None|9-70|Ball|None,https://beybladexmeta.com/combo/SilverWolf|None|9-70|Ball|None?season=Season+2026,SilverWolf,None,9-70,Ball,None,380,1,0,0,0,1,1.0,1.0,36.0,Stamina,Right,,6.0,,,2.0,Stamina,,,,
52,Season 2026,MummyCurse|None|1-60|LowOrb|None,https://beybladexmeta.com/combo/MummyCurse|None|1-60|LowOrb|None?season=Season+2026,MummyCurse,None,1-60,LowOrb,None,378,0,1,0,0,1,0.0,1.0,37.0,Defense,Right,,6.0,,,2.0,Stamina,,,,
53,Season 2026,SharkScale|None|1-60|Hexa|None,https://beybladexmeta.com/combo/SharkScale|None|1-60|Hexa|None?season=Season+2026,SharkScale,None,1-60,Hexa,None,378,1,0,1,1,3,0.3333,0.6667,37.0,Attack,Right,,6.0,,,3.0,Balance,,,,
54,Season 2026,Blast|Heavy|3-60|LowRush|emperor,https://beybladexmeta.com/combo/Blast|Heavy|3-60|LowRush|emperor?season=Season+2026,Blast,Heavy,3-60,LowRush,emperor,375,0,0,1,0,1,0.0,1.0,,,,,6.0,,,2.0,Attack,,,Balance,9.0
55,Season 2026,Flare|Heavy|9-60|Point|emperor,https://beybladexmeta.com/combo/Flare|Heavy|9-60|Point|emperor?season=Season+2026,Flare,Heavy,9-60,Point,emperor,375,0,0,1,0,1,0.0,1.0,,,,,6.0,,,2.0,Balance,,,Balance,9.0
56,Season 2026,Eclipse|Slash|9-80|LowRush|None,https://beybladexmeta.com/combo/Eclipse|Slash|9-80|LowRush|None?season=Season+2026,Eclipse,Slash,9-80,LowRush,None,375,0,0,1,0,1,0.0,1.0,39.0,Plastic (~1.7 g) Assist Blade D (Dual),Right,,7.0,,,2.0,Attack,,4.0,Attack,9.0
57,Season 2026,HoverWyvern|None|9-60|FreeBall|None,https://beybladexmeta.com/combo/HoverWyvern|None|9-60|FreeBall|None?season=Season+2026,HoverWyvern,None,9-60,FreeBall,None,345,0,1,0,1,2,0.0,0.5,35.0,Defense,Right,,6.0,,,2.0,Stamina,,,,
58,Season 2026,AeroPegasus|None|1-60|Level|None,https://beybladexmeta.com/combo/AeroPegasus|None|1-60|Level|None?season=Season+2026,AeroPegasus,None,1-60,Level,None,336,0,1,0,0,1,0.0,1.0,38.0,Attack,Right,,6.0,,,2.0,Attack,,,,
59,Season 2026,Blast|Heavy|7-60|Level|emperor,https://beybladexmeta.com/combo/Blast|Heavy|7-60|Level|emperor?season=Season+2026,Blast,Heavy,7-60,Level,emperor,322,0,1,0,0,1,0.0,1.0,,,,,7.0,,,2.0,Attack,,,Balance,9.0
60,Season 2026,MeteorDragoon|None|9-70|Elevate|None,https://beybladexmeta.com/combo/MeteorDragoon|None|9-70|Elevate|None?season=Season+2026,MeteorDragoon,None,9-70,Elevate,None,320,1,0,0,0,1,1.0,1.0,39.0,Attack,Left,,6.0,,,3.0,Balance,,,,
61,Season 2026,PhoenixWing|None|3-60|Point|None,https://beybladexmeta.com/combo/PhoenixWing|None|3-60|Point|None?season=Season+2026,PhoenixWing,None,3-60,Point,None,320,0,0,2,0,2,0.0,1.0,39.0,Attack,Right,,6.0,,,2.0,Balance,,,,
62,Season 2026,WizardRod|None|1-60|Rush|None,https://beybladexmeta.com/combo/WizardRod|None|1-60|Rush|None?season=Season+2026,WizardRod,None,1-60,Rush,None,320,1,0,0,0,1,1.0,1.0,35.0,Stamina,Right,,6.0,,,2.0,Attack,,,,
63,Season 2026,SharkScale|None|7-70|LowRush|None,https://beybladexmeta.com/combo/SharkScale|None|7-70|LowRush|None?season=Season+2026,SharkScale,None,7-70,LowRush,None,320,1,0,0,0,1,1.0,1.0,37.0,Attack,Right,,7.0,,,2.0,Attack,,,,
64,Season 2026,KnightMail|None|9-60|Level|None,https://beybladexmeta.com/combo/KnightMail|None|9-60|Level|None?season=Season+2026,KnightMail,None,9-60,Level,None,310,1,0,0,0,1,1.0,1.0,36.0,Defense,Right,,6.0,,,2.0,Attack,,,,
65,Season 2026,SharkScale|None|4-50|FreeBall|None,https://beybladexmeta.com/combo/SharkScale|None|4-50|FreeBall|None?season=Season+2026,SharkScale,None,4-50,FreeBall,None,310,1,0,0,0,1,1.0,1.0,37.0,Attack,Right,,5.0,,,2.0,Stamina,,,,
66,Season 2026,MeteorDragoon|None|9-60|LowRush|None,https://beybladexmeta.com/combo/MeteorDragoon|None|9-60|LowRush|None?season=Season+2026,MeteorDragoon,None,9-60,LowRush,None,308,0,0,1,1,2,0.0,0.5,39.0,Attack,Left,,6.0,,,2.0,Attack,,,,
67,Season 2026,PhoenixWing|None|3-60|FreeBall|None,https://beybladexmeta.com/combo/PhoenixWing|None|3-60|FreeBall|None?season=Season+2026,PhoenixWing,None,3-60,FreeBall,None,300,1,0,0,0,1,1.0,1.0,39.0,Attack,Right,,6.0,,,2.0,Stamina,,,,
68,Season 2026,SharkScale|None|1-70|LowFlat|None,https://beybladexmeta.com/combo/SharkScale|None|1-70|LowFlat|None?season=Season+2026,SharkScale,None,1-70,LowFlat,None,300,1,0,0,0,1,1.0,1.0,37.0,Attack,Right,,6.0,,,2.0,Attack,,,,
69,Season 2026,Blast|Heavy|9-60|Kick|emperor,https://beybladexmeta.com/combo/Blast|Heavy|9-60|Kick|emperor?season=Season+2026,Blast,Heavy,9-60,Kick,emperor,300,1,0,0,0,1,1.0,1.0,,,,,6.0,,,2.0,Balance,,,Balance,9.0
70,Season 2026,SilverWolf|None|7-60|Hexa|None,https://beybladexmeta.com/combo/SilverWolf|None|7-60|Hexa|None?season=Season+2026,SilverWolf,None,7-60,Hexa,None,294,0,1,0,0,1,0.0,1.0,36.0,Stamina,Right,,7.0,,,3.0,Balance,,,,
71,Season 2026,Blast|Assault|9-60|Ball|None,https://beybladexmeta.com/combo/Blast|Assault|9-60|Ball|None?season=Season+2026,Blast,Assault,9-60,Ball,None,294,0,1,0,0,1,0.0,1.0,,,,,6.0,,,2.0,Stamina,,5.0,Attack,10.0
72,Season 2026,AeroPegasus|None|7-60|Level|None,https://beybladexmeta.com/combo/AeroPegasus|None|7-60|Level|None?season=Season+2026,AeroPegasus,None,7-60,Level,None,294,0,1,0,0,1,0.0,1.0,38.0,Attack,Right,,7.0,,,2.0,Attack,,,,
73,Season 2026,KnightMail|None|7-60|Rush|None,https://beybladexmeta.com/combo/KnightMail|None|7-60|Rush|None?season=Season+2026,KnightMail,None,7-60,Rush,None,287,0,1,0,0,1,0.0,1.0,36.0,Defense,Right,,7.0,,,2.0,Attack,,,,
74,Season 2026,HoverWyvern|None|1-60|Jolt|None,https://beybladexmeta.com/combo/HoverWyvern|None|1-60|Jolt|None?season=Season+2026,HoverWyvern,None,1-60,Jolt,None,280,0,1,0,1,2,0.0,0.5,35.0,Defense,Right,,6.0,,,2.0,Attack,,,,
75,Season 2026,GolemRock|None|7-60|Ball|None,https://beybladexmeta.com/combo/GolemRock|None|7-60|Ball|None?season=Season+2026,GolemRock,None,7-60,Ball,None,266,0,1,0,0,1,0.0,1.0,34.0,Defense,Right,,7.0,,,2.0,Stamina,,,,
76,Season 2026,TyrannoBeat|None|3-60|LowRush|None,https://beybladexmeta.com/combo/TyrannoBeat|None|3-60|LowRush|None?season=Season+2026,TyrannoBeat,None,3-60,LowRush,None,266,0,1,0,0,1,0.0,1.0,37.0,Attack,Right,,6.0,,,2.0,Attack,,,,
77,Season 2026,SharkScale|None|1-70|RubberAccel|None,https://beybladexmeta.com/combo/SharkScale|None|1-70|RubberAccel|None?season=Season+2026,SharkScale,None,1-70,RubberAccel,None,252,0,1,0,0,1,0.0,1.0,37.0,Attack,Right,,6.0,,,3.0,Attack,,,,
78,Season 2026,TyrannoBeat|None|1-70|Kick|None,https://beybladexmeta.com/combo/TyrannoBeat|None|1-70|Kick|None?season=Season+2026,TyrannoBeat,None,1-70,Kick,None,250,0,0,1,0,1,0.0,1.0,37.0,Attack,Right,,6.0,,,2.0,Balance,,,,
79,Season 2026,SharkScale|None|4-50|Point|None,https://beybladexmeta.com/combo/SharkScale|None|4-50|Point|None?season=Season+2026,SharkScale,None,4-50,Point,None,250,0,0,1,0,1,0.0,1.0,37.0,Attack,Right,,5.0,,,2.0,Balance,,,,
80,Season 2026,SilverWolf|None|3-80|LowOrb|None,https://beybladexmeta.com/combo/SilverWolf|None|3-80|LowOrb|None?season=Season+2026,SilverWolf,None,3-80,LowOrb,None,250,0,0,1,0,1,0.0,1.0,36.0,Stamina,Right,,7.0,,,2.0,Stamina,,,,
81,Season 2026,DranBuster|None|1-60|LowFlat|None,https://beybladexmeta.com/combo/DranBuster|None|1-60|LowFlat|None?season=Season+2026,DranBuster,None,1-60,LowFlat,None,240,0,0,1,0,1,0.0,1.0,37.0,Attack,Right,,6.0,,,2.0,Attack,,,,
82,Season 2026,HoverWyvern|None|9-60|Orb|None,https://beybladexmeta.com/combo/HoverWyvern|None|9-60|Orb|None?season=Season+2026,HoverWyvern,None,9-60,Orb,None,240,0,0,1,0,1,0.0,1.0,35.0,Defense,Right,,6.0,,,2.0,Stamina,,,,
83,Season 2026,Blast|Heavy|1-60|Rush|emperor,https://beybladexmeta.com/combo/Blast|Heavy|1-60|Rush|emperor?season=Season+2026,Blast,Heavy,1-60,Rush,emperor,238,0,1,0,0,1,0.0,1.0,,,,,6.0,,,2.0,Attack,,,Balance,9.0
84,Season 2026,AeroPegasus|None|1-70|Rush|None,https://beybladexmeta.com/combo/AeroPegasus|None|1-70|Rush|None?season=Season+2026,AeroPegasus,None,1-70,Rush,None,230,1,0,0,0,1,1.0,1.0,38.0,Attack,Right,,6.0,,,2.0,Attack,,,,
85,Season 2026,Blast|Heavy|9-60|Level|emperor,https://beybladexmeta.com/combo/Blast|Heavy|9-60|Level|emperor?season=Season+2026,Blast,Heavy,9-60,Level,emperor,224,0,1,0,0,1,0.0,1.0,,,,,6.0,,,2.0,Attack,,,Balance,9.0
86,Season 2026,HoverWyvern|None|7-60|Level|None,https://beybladexmeta.com/combo/HoverWyvern|None|7-60|Level|None?season=Season+2026,HoverWyvern,None,7-60,Level,None,224,0,1,0,0,1,0.0,1.0,35.0,Defense,Right,,7.0,,,2.0,Attack,,,,
87,Season 2026,SilverWolf|None|5-60|FreeBall|None,https://beybladexmeta.com/combo/SilverWolf|None|5-60|FreeBall|None?season=Season+2026,SilverWolf,None,5-60,FreeBall,None,217,0,1,0,0,1,0.0,1.0,36.0,Stamina,Right,,6.0,,,2.0,Stamina,,,,
88,Season 2026,HoverWyvern|None|1-60|HighNeedle|None,https://beybladexmeta.com/combo/HoverWyvern|None|1-60|HighNeedle|None?season=Season+2026,HoverWyvern,None,1-60,HighNeedle,None,217,0,1,0,0,1,0.0,1.0,35.0,Defense,Right,,6.0,,,2.0,Defense,,,,
89,Season 2026,PhoenixWing|None|9-60|LowRush|None,https://beybladexmeta.com/combo/PhoenixWing|None|9-60|LowRush|None?season=Season+2026,PhoenixWing,None,9-60,LowRush,None,217,0,1,0,0,1,0.0,1.0,39.0,Attack,Right,,6.0,,,2.0,Attack,,,,
90,Season 2026,MeteorDragoon|None|1-70|Level|None,https://beybladexmeta.com/combo/MeteorDragoon|None|1-70|Level|None?season=Season+2026,MeteorDragoon,None,1-70,Level,None,210,1,0,0,0,1,1.0,1.0,39.0,Attack,Left,,6.0,,,2.0,Attack,,,,
91,Season 2026,HoverWyvern|None|7-70|LowRush|None,https://beybladexmeta.com/combo/HoverWyvern|None|7-70|LowRush|None?season=Season+2026,HoverWyvern,None,7-70,LowRush,None,210,1,0,0,0,1,1.0,1.0,35.0,Defense,Right,,7.0,,,2.0,Attack,,,,
92,Season 2026,TyrannoBeat|None|7-60|Rush|None,https://beybladexmeta.com/combo/TyrannoBeat|None|7-60|Rush|None?season=Season+2026,TyrannoBeat,None,7-60,Rush,None,210,0,1,0,0,1,0.0,1.0,37.0,Attack,Right,,7.0,,,2.0,Attack,,,,
93,Season 2026,DranBuster|None|9-60|LowFlat|None,https://beybladexmeta.com/combo/DranBuster|None|9-60|LowFlat|None?season=Season+2026,DranBuster,None,9-60,LowFlat,None,210,0,1,0,0,1,0.0,1.0,37.0,Attack,Right,,6.0,,,2.0,Attack,,,,
94,Season 2026,MummyCurse|None|9-60|Wedge|None,https://beybladexmeta.com/combo/MummyCurse|None|9-60|Wedge|None?season=Season+2026,MummyCurse,None,9-60,Wedge,None,210,0,0,1,0,1,0.0,1.0,37.0,Defense,Right,,6.0,,,2.0,Defense,,,,
95,Season 2026,HoverWyvern|None|9-60|Jolt|None,https://beybladexmeta.com/combo/HoverWyvern|None|9-60|Jolt|None?season=Season+2026,HoverWyvern,None,9-60,Jolt,None,207,0,0,0,2,2,0.0,0.0,35.0,Defense,Right,,6.0,,,2.0,Attack,,,,
96,Season 2026,TyrannoBeat|None|9-70|LowRush|None,https://beybladexmeta.com/combo/TyrannoBeat|None|9-70|LowRush|None?season=Season+2026,TyrannoBeat,None,9-70,LowRush,None,205,0,0,1,0,1,0.0,1.0,37.0,Attack,Right,,6.0,,,2.0,Attack,,,,
97,Season 2026,MeteorDragoon|None|9-60|Level|None,https://beybladexmeta.com/combo/MeteorDragoon|None|9-60|Level|None?season=Season+2026,MeteorDragoon,None,9-60,Level,None,170,0,0,1,0,1,0.0,1.0,39.0,Attack,Left,,6.0,,,2.0,Attack,,,,
98,Season 2026,WizardRod|None|1-60|Level|None,https://beybladexmeta.com/combo/WizardRod|None|1-60|Level|None?season=Season+2026,WizardRod,None,1-60,Level,None,170,0,0,1,0,1,0.0,1.0,35.0,Stamina,Right,,6.0,,,2.0,Attack,,,,
99,Season 2026,SharkScale|None|9-60|Rush|None,https://beybladexmeta.com/combo/SharkScale|None|9-60|Rush|None?season=Season+2026,SharkScale,None,9-60,Rush,None,160,0,0,1,0,1,0.0,1.0,37.0,Attack,Right,,6.0,,,2.0,Attack,,,,
100,Season 2026,ScorpioSpear|None|9-60|FreeBall|None,https://beybladexmeta.com/combo/ScorpioSpear|None|9-60|FreeBall|None?season=Season+2026,ScorpioSpear,None,9-60,FreeBall,None,160,0,0,1,0,1,0.0,1.0,39.0,Balance,Right,,6.0,,,2.0,Stamina,,,,
1,All Time,WizardRod|None|1-60|Hexa|None,https://beybladexmeta.com/combo/WizardRod|None|1-60|Hexa|None?season=All+Time,WizardRod,None,1-60,Hexa,None,18170,27,20,18,8,73,0.3699,0.8904,35.0,Stamina,Right,,6.0,,,3.0,Balance,,,,
2,All Time,SharkScale|None|1-70|LowRush|None,https://beybladexmeta.com/combo/SharkScale|None|1-70|LowRush|None?season=All+Time,SharkScale,None,1-70,LowRush,None,8464,11,10,8,5,34,0.3235,0.8529,37.0,Attack,Right,,6.0,,,2.0,Attack,,,,
3,All Time,SilverWolf|None|9-60|FreeBall|None,https://beybladexmeta.com/combo/SilverWolf|None|9-60|FreeBall|None?season=All+Time,SilverWolf,None,9-60,FreeBall,None,5609,9,5,7,3,24,0.375,0.875,36.0,Stamina,Right,,6.0,,,2.0,Stamina,,,,
4,All Time,SharkScale|None|3-60|LowRush|None,https://beybladexmeta.com/combo/SharkScale|None|3-60|LowRush|None?season=All+Time,SharkScale,None,3-60,LowRush,None,4409,5,4,7,7,23,0.2174,0.6957,37.0,Attack,Right,,6.0,,,2.0,Attack,,,,
5,All Time,SilverWolf|None|9-70|FreeBall|None,https://beybladexmeta.com/combo/SilverWolf|None|9-70|FreeBall|None?season=All+Time,SilverWolf,None,9-70,FreeBall,None,3964,4,7,3,3,17,0.2353,0.8235,36.0,Stamina,Right,,6.0,,,2.0,Stamina,,,,
6,All Time,CobaltDragoon|None|5-60|Elevate|None,https://beybladexmeta.com/combo/CobaltDragoon|None|5-60|Elevate|None?season=All+Time,CobaltDragoon,None,5-60,Elevate,None,3476,3,7,5,2,17,0.1765,0.8824,38.0,Attack,Left,,6.0,,,3.0,Balance,,,,
7,All Time,HoverWyvern|None|9-60|Kick|None,https://beybladexmeta.com/combo/HoverWyvern|None|9-60|Kick|None?season=All+Time,HoverWyvern,None,9-60,Kick,None,2449,6,3,1,2,12,0.5,0.8333,35.0,Defense,Right,,6.0,,,2.0,Balance,,,,
8,All Time,PhoenixWing|None|3-60|Rush|None,https://beybladexmeta.com/combo/PhoenixWing|None|3-60|Rush|None?season=All+Time,PhoenixWing,None,3-60,Rush,None,2363,1,5,5,0,11,0.0909,1.0,39.0,Attack,Right,,6.0,,,2.0,Attack,,,,
9,All Time,WizardRod|None|9-60|Ball|None,https://beybladexmeta.com/combo/WizardRod|None|9-60|Ball|None?season=All+Time,WizardRod,None,9-60,Ball,None,2257,0,4,7,1,12,0.0,0.9167,35.0,Stamina,Right,,6.0,,,2.0,Stamina,,,,
10,All Time,CobaltDragoon|None|9-60|Elevate|None,https://beybladexmeta.com/combo/CobaltDragoon|None|9-60|Elevate|None?season=All+Time,CobaltDragoon,None,9-60,Elevate,None,1921,3,2,0,0,5,0.6,1.0,38.0,Attack,Left,,6.0,,,3.0,Balance,,,,
11,All Time,WizardRod|None|1-60|Ball|None,https://beybladexmeta.com/combo/WizardRod|None|1-60|Ball|None?season=All+Time,WizardRod,None,1-60,Ball,None,1572,3,0,1,2,6,0.5,0.6667,35.0,Stamina,Right,,6.0,,,2.0,Stamina,,,,
12,All Time,SharkScale|None|4-50|LowRush|None,https://beybladexmeta.com/combo/SharkScale|None|4-50|LowRush|None?season=All+Time,SharkScale,None,4-50,LowRush,None,1540,2,3,1,1,7,0.2857,0.8571,37.0,Attack,Right,,5.0,,,2.0,Attack,,,,
13,All Time,SharkScale|None|1-60|LowRush|None,https://beybladexmeta.com/combo/SharkScale|None|1-60|LowRush|None?season=All+Time,SharkScale,None,1-60,LowRush,None,1410,2,3,2,0,7,0.2857,1.0,37.0,Attack,Right,,6.0,,,2.0,Attack,,,,
14,All Time,PhoenixWing|None|1-60|Rush|None,https://beybladexmeta.com/combo/PhoenixWing|None|1-60|Rush|None?season=All+Time,PhoenixWing,None,1-60,Rush,None,1365,3,3,1,1,8,0.375,0.875,39.0,Attack,Right,,6.0,,,2.0,Attack,,,,
15,All Time,WizardRod|None|1-60|FreeBall|None,https://beybladexmeta.com/combo/WizardRod|None|1-60|FreeBall|None?season=All+Time,WizardRod,None,1-60,FreeBall,None,1305,0,3,3,0,6,0.0,1.0,35.0,Stamina,Right,,6.0,,,2.0,Stamina,,,,
16,All Time,HoverWyvern|None|9-60|Level|None,https://beybladexmeta.com/combo/HoverWyvern|None|9-60|Level|None?season=All+Time,HoverWyvern,None,9-60,Level,None,1096,2,0,0,1,3,0.6667,0.6667,35.0,Defense,Right,,6.0,,,2.0,Attack,,,,
17,All Time,SharkScale|None|3-60|LowOrb|None,https://beybladexmeta.com/combo/SharkScale|None|3-60|LowOrb|None?season=All+Time,SharkScale,None,3-60,LowOrb,None,871,1,2,0,0,3,0.3333,1.0,37.0,Attack,Right,,6.0,,,2.0,Stamina,,,,
18,All Time,ClockMirage|None|7-55|LowOrb|None,https://beybladexmeta.com/combo/ClockMirage|None|7-55|LowOrb|None?season=All+Time,ClockMirage,None,7-55,LowOrb,None,861,0,0,2,2,4,0.0,0.5,37.0,Stamina,Right,,4.0,,,2.0,Stamina,,,,
19,All Time,SharkScale|None|3-60|FreeBall|None,https://beybladexmeta.com/combo/SharkScale|None|3-60|FreeBall|None?season=All+Time,SharkScale,None,3-60,FreeBall,None,849,1,2,1,1,5,0.2,0.8,37.0,Attack,Right,,6.0,,,2.0,Stamina,,,,
20,All Time,AeroPegasus|None|1-60|Rush|None,https://beybladexmeta.com/combo/AeroPegasus|None|1-60|Rush|None?season=All+Time,AeroPegasus,None,1-60,Rush,None,790,1,1,1,1,4,0.25,0.75,38.0,Attack,Right,,6.0,,,2.0,Attack,,,,
21,All Time,HoverWyvern|None|9-60|Rush|None,https://beybladexmeta.com/combo/HoverWyvern|None|9-60|Rush|None?season=All+Time,HoverWyvern,None,9-60,Rush,None,789,1,0,2,1,4,0.25,0.75,35.0,Defense,Right,,6.0,,,2.0,Attack,,,,
22,All Time,GolemRock|None|0-60|Hexa|None,https://beybladexmeta.com/combo/GolemRock|None|0-60|Hexa|None?season=All+Time,GolemRock,None,0-60,Hexa,None,760,2,0,0,0,2,1.0,1.0,34.0,Defense,Right,,7.0,,,3.0,Balance,,,,
23,All Time,SharkScale|None|7-60|LowRush|None,https://beybladexmeta.com/combo/SharkScale|None|7-60|LowRush|None?season=All+Time,SharkScale,None,7-60,LowRush,None,760,2,0,0,0,2,1.0,1.0,37.0,Attack,Right,,7.0,,,2.0,Attack,,,,
24,All Time,AeroPegasus|None|3-60|LowRush|None,https://beybladexmeta.com/combo/AeroPegasus|None|3-60|LowRush|None?season=All+Time,AeroPegasus,None,3-60,LowRush,None,750,1,0,0,0,1,1.0,1.0,38.0,Attack,Right,,6.0,,,2.0,Attack,,,,
25,All Time,SilverWolf|None|9-80|FreeBall|None,https://beybladexmeta.com/combo/SilverWolf|None|9-80|FreeBall|None?season=All+Time,SilverWolf,None,9-80,FreeBall,None,720,1,0,1,0,2,0.5,1.0,36.0,Stamina,Right,,7.0,,,2.0,Stamina,,,,
26,All Time,SharkScale|None|7-60|Kick|None,https://beybladexmeta.com/combo/SharkScale|None|7-60|Kick|None?season=All+Time,SharkScale,None,7-60,Kick,None,711,0,1,1,0,2,0.0,1.0,37.0,Attack,Right,,7.0,,,2.0,Balance,,,,
27,All Time,MeteorDragoon|None|9-70|Level|None,https://beybladexmeta.com/combo/MeteorDragoon|None|9-70|Level|None?season=All+Time,MeteorDragoon,None,9-70,Level,None,680,1,1,0,0,2,0.5,1.0,39.0,Attack,Left,,6.0,,,2.0,Attack,,,,
28,All Time,SharkScale|None|9-60|Kick|None,https://beybladexmeta.com/combo/SharkScale|None|9-60|Kick|None?season=All+Time,SharkScale,None,9-60,Kick,None,650,2,0,0,0,2,1.0,1.0,37.0,Attack,Right,,6.0,,,2.0,Balance,,,,
29,All Time,SharkScale|None|1-70|Rush|None,https://beybladexmeta.com/combo/SharkScale|None|1-70|Rush|None?season=All+Time,SharkScale,None,1-70,Rush,None,648,0,1,1,0,2,0.0,1.0,37.0,Attack,Right,,6.0,,,2.0,Attack,,,,
30,All Time,WizardRod|None|9-60|Hexa|None,https://beybladexmeta.com/combo/WizardRod|None|9-60|Hexa|None?season=All+Time,WizardRod,None,9-60,Hexa,None,580,0,1,1,0,2,0.0,1.0,35.0,Stamina,Right,,6.0,,,3.0,Balance,,,,
31,All Time,SharkScale|None|9-60|FreeBall|None,https://beybladexmeta.com/combo/SharkScale|None|9-60|FreeBall|None?season=All+Time,SharkScale,None,9-60,FreeBall,None,567,1,1,0,0,2,0.5,1.0,37.0,Attack,Right,,6.0,,,2.0,Stamina,,,,
32,All Time,GolemRock|None|9-60|Hexa|None,https://beybladexmeta.com/combo/GolemRock|None|9-60|Hexa|None?season=All+Time,GolemRock,None,9-60,Hexa,None,565,0,0,2,0,2,0.0,1.0,34.0,Defense,Right,,6.0,,,3.0,Balance,,,,
33,All Time,SharkScale|None|3-60|Jolt|None,https://beybladexmeta.com/combo/SharkScale|None|3-60|Jolt|None?season=All+Time,SharkScale,None,3-60,Jolt,None,545,0,1,1,0,2,0.0,1.0,37.0,Attack,Right,,6.0,,,2.0,Attack,,,,
34,All Time,HoverWyvern|None|1-60|LowRush|None,https://beybladexmeta.com/combo/HoverWyvern|None|1-60|LowRush|None?season=All+Time,HoverWyvern,None,1-60,LowRush,None,540,0,0,2,0,2,0.0,1.0,35.0,Defense,Right,,6.0,,,2.0,Attack,,,,
35,All Time,WizardRod|None|9-60|UnderNeedle|None,https://beybladexmeta.com/combo/WizardRod|None|9-60|UnderNeedle|None?season=All+Time,WizardRod,None,9-60,UnderNeedle,None,531,1,0,1,2,4,0.25,0.5,35.0,Stamina,Right,,6.0,,,2.0,Defense,,,,
36,All Time,WizardRod|None|6-60|Hexa|None,https://beybladexmeta.com/combo/WizardRod|None|6-60|Hexa|None?season=All+Time,WizardRod,None,6-60,Hexa,None,525,0,0,2,0,2,0.0,1.0,35.0,Stamina,Right,,6.0,,,3.0,Balance,,,,
37,All Time,HoverWyvern|None|1-70|LowRush|None,https://beybladexmeta.com/combo/HoverWyvern|None|1-70|LowRush|None?season=All+Time,HoverWyvern,None,1-70,LowRush,None,525,1,0,1,0,2,0.5,1.0,35.0,Defense,Right,,6.0,,,2.0,Attack,,,,
38,All Time,SilverWolf|None|9-60|Ball|None,https://beybladexmeta.com/combo/SilverWolf|None|9-60|Ball|None?season=All+Time,SilverWolf,None,9-60,Ball,None,520,1,1,0,0,2,0.5,1.0,36.0,Stamina,Right,,6.0,,,2.0,Stamina,,,,
39,All Time,HoverWyvern|None|1-60|Rush|None,https://beybladexmeta.com/combo/HoverWyvern|None|1-60|Rush|None?season=All+Time,HoverWyvern,None,1-60,Rush,None,513,0,1,1,0,2,0.0,1.0,35.0,Defense,Right,,6.0,,,2.0,Attack,,,,
40,All Time,SilverWolf|None|9-70|Ball|None,https://beybladexmeta.com/combo/SilverWolf|None|9-70|Ball|None?season=All+Time,SilverWolf,None,9-70,Ball,None,500,1,0,1,0,2,0.5,1.0,36.0,Stamina,Right,,6.0,,,2.0,Stamina,,,,
41,All Time,WizardRod|None|1-70|Ball|None,https://beybladexmeta.com/combo/WizardRod|None|1-70|Ball|None?season=All+Time,WizardRod,None,1-70,Ball,None,480,1,0,0,0,1,1.0,1.0,35.0,Stamina,Right,,6.0,,,2.0,Stamina,,,,
42,All Time,MeteorDragoon|None|5-60|Level|None,https://beybladexmeta.com/combo/MeteorDragoon|None|5-60|Level|None?season=All+Time,MeteorDragoon,None,5-60,Level,None,480,1,0,0,0,1,1.0,1.0,39.0,Attack,Left,,6.0,,,2.0,Attack,,,,
43,All Time,WizardRod|None|9-60|FreeBall|None,https://beybladexmeta.com/combo/WizardRod|None|9-60|FreeBall|None?season=All+Time,WizardRod,None,9-60,FreeBall,None,468,0,1,1,1,3,0.0,0.6667,35.0,Stamina,Right,,6.0,,,2.0,Stamina,,,,
44,All Time,Blast|Heavy|9-60|Kick|emperor,https://beybladexmeta.com/combo/Blast|Heavy|9-60|Kick|emperor?season=All+Time,Blast,Heavy,9-60,Kick,emperor,468,1,1,0,0,2,0.5,1.0,,,,,6.0,,,2.0,Balance,,,Balance,9.0
45,All Time,WizardRod|None|1-60|Rush|None,https://beybladexmeta.com/combo/WizardRod|None|1-60|Rush|None?season=All+Time,WizardRod,None,1-60,Rush,None,467,1,2,0,0,3,0.3333,1.0,35.0,Stamina,Right,,6.0,,,2.0,Attack,,,,
46,All Time,SharkScale|None|9-60|LowOrb|None,https://beybladexmeta.com/combo/SharkScale|None|9-60|LowOrb|None?season=All+Time,SharkScale,None,9-60,LowOrb,None,460,1,0,0,0,1,1.0,1.0,37.0,Attack,Right,,6.0,,,2.0,Stamina,,,,
47,All Time,HoverWyvern|None|3-60|Level|None,https://beybladexmeta.com/combo/HoverWyvern|None|3-60|Level|None?season=All+Time,HoverWyvern,None,3-60,Level,None,460,1,0,0,0,1,1.0,1.0,35.0,Defense,Right,,6.0,,,2.0,Attack,,,,
48,All Time,SharkScale|None|4-50|Point|None,https://beybladexmeta.com/combo/SharkScale|None|4-50|Point|None?season=All+Time,SharkScale,None,4-50,Point,None,460,2,0,1,0,3,0.6667,1.0,37.0,Attack,Right,,5.0,,,2.0,Balance,,,,
49,All Time,SharkScale|None|3-60|Rush|None,https://beybladexmeta.com/combo/SharkScale|None|3-60|Rush|None?season=All+Time,SharkScale,None,3-60,Rush,None,433,0,1,1,1,3,0.0,0.6667,37.0,Attack,Right,,6.0,,,2.0,Attack,,,,
50,All Time,AeroPegasus|None|7-60|Rush|None,https://beybladexmeta.com/combo/AeroPegasus|None|7-60|Rush|None?season=All+Time,AeroPegasus,None,7-60,Rush,None,429,0,1,0,1,2,0.0,0.5,38.0,Attack,Right,,7.0,,,2.0,Attack,,,,
51,All Time,GolemRock|None|1-60|Rush|None,https://beybladexmeta.com/combo/GolemRock|None|1-60|Rush|None?season=All+Time,GolemRock,None,1-60,Rush,None,420,1,0,0,0,1,1.0,1.0,34.0,Defense,Right,,6.0,,,2.0,Attack,,,,
52,All Time,PhoenixWing|None|7-60|Kick|None,https://beybladexmeta.com/combo/PhoenixWing|None|7-60|Kick|None?season=All+Time,PhoenixWing,None,7-60,Kick,None,415,0,0,2,0,2,0.0,1.0,39.0,Attack,Right,,7.0,,,2.0,Balance,,,,
53,All Time,KnightMail|None|1-60|Rush|None,https://beybladexmeta.com/combo/KnightMail|None|1-60|Rush|None?season=All+Time,KnightMail,None,1-60,Rush,None,395,1,0,3,0,4,0.25,1.0,36.0,Defense,Right,,6.0,,,2.0,Attack,,,,
54,All Time,WizardRod|None|3-60|FreeBall|None,https://beybladexmeta.com/combo/WizardRod|None|3-60|FreeBall|None?season=All+Time,WizardRod,None,3-60,FreeBall,None,385,0,2,0,0,2,0.0,1.0,35.0,Stamina,Right,,6.0,,,2.0,Stamina,,,,
55,All Time,PhoenixWing|None|9-60|LowOrb|None,https://beybladexmeta.com/combo/PhoenixWing|None|9-60|LowOrb|None?season=All+Time,PhoenixWing,None,9-60,LowOrb,None,380,1,0,0,0,1,1.0,1.0,39.0,Attack,Right,,6.0,,,2.0,Stamina,,,,
56,All Time,MummyCurse|None|1-60|LowOrb|None,https://beybladexmeta.com/combo/MummyCurse|None|1-60|LowOrb|None?season=All+Time,MummyCurse,None,1-60,LowOrb,None,378,0,1,0,0,1,0.0,1.0,37.0,Defense,Right,,6.0,,,2.0,Stamina,,,,
57,All Time,SharkScale|None|1-60|Hexa|None,https://beybladexmeta.com/combo/SharkScale|None|1-60|Hexa|None?season=All+Time,SharkScale,None,1-60,Hexa,None,378,1,0,1,1,3,0.3333,0.6667,37.0,Attack,Right,,6.0,,,3.0,Balance,,,,
58,All Time,Flare|Heavy|9-60|Point|emperor,https://beybladexmeta.com/combo/Flare|Heavy|9-60|Point|emperor?season=All+Time,Flare,Heavy,9-60,Point,emperor,375,0,0,1,0,1,0.0,1.0,,,,,6.0,,,2.0,Balance,,,Balance,9.0
59,All Time,Blast|Heavy|3-60|LowRush|emperor,https://beybladexmeta.com/combo/Blast|Heavy|3-60|LowRush|emperor?season=All+Time,Blast,Heavy,3-60,LowRush,emperor,375,0,0,1,0,1,0.0,1.0,,,,,6.0,,,2.0,Attack,,,Balance,9.0
60,All Time,Eclipse|Slash|9-80|LowRush|None,https://beybladexmeta.com/combo/Eclipse|Slash|9-80|LowRush|None?season=All+Time,Eclipse,Slash,9-80,LowRush,None,375,0,0,1,0,1,0.0,1.0,39.0,Plastic (~1.7 g) Assist Blade D (Dual),Right,,7.0,,,2.0,Attack,,4.0,Attack,9.0
61,All Time,SilverWolf|None|5-60|FreeBall|None,https://beybladexmeta.com/combo/SilverWolf|None|5-60|FreeBall|None?season=All+Time,SilverWolf,None,5-60,FreeBall,None,367,0,1,1,0,2,0.0,1.0,36.0,Stamina,Right,,6.0,,,2.0,Stamina,,,,
62,All Time,HoverWyvern|None|9-60|FreeBall|None,https://beybladexmeta.com/combo/HoverWyvern|None|9-60|FreeBall|None?season=All+Time,HoverWyvern,None,9-60,FreeBall,None,345,0,1,0,1,2,0.0,0.5,35.0,Defense,Right,,6.0,,,2.0,Stamina,,,,
63,All Time,WizardRod|None|1-70|Hexa|None,https://beybladexmeta.com/combo/WizardRod|None|1-70|Hexa|None?season=All+Time,WizardRod,None,1-70,Hexa,None,338,2,1,0,0,3,0.6667,1.0,35.0,Stamina,Right,,6.0,,,3.0,Balance,,,,
64,All Time,AeroPegasus|None|1-60|Level|None,https://beybladexmeta.com/combo/AeroPegasus|None|1-60|Level|None?season=All+Time,AeroPegasus,None,1-60,Level,None,336,0,1,0,0,1,0.0,1.0,38.0,Attack,Right,,6.0,,,2.0,Attack,,,,
65,All Time,Blast|Heavy|7-60|Level|emperor,https://beybladexmeta.com/combo/Blast|Heavy|7-60|Level|emperor?season=All+Time,Blast,Heavy,7-60,Level,emperor,322,0,1,0,0,1,0.0,1.0,,,,,7.0,,,2.0,Attack,,,Balance,9.0
66,All Time,PhoenixWing|None|3-60|Point|None,https://beybladexmeta.com/combo/PhoenixWing|None|3-60|Point|None?season=All+Time,PhoenixWing,None,3-60,Point,None,320,0,0,2,0,2,0.0,1.0,39.0,Attack,Right,,6.0,,,2.0,Balance,,,,
67,All Time,SharkScale|None|7-70|LowRush|None,https://beybladexmeta.com/combo/SharkScale|None|7-70|LowRush|None?season=All+Time,SharkScale,None,7-70,LowRush,None,320,1,0,0,0,1,1.0,1.0,37.0,Attack,Right,,7.0,,,2.0,Attack,,,,
68,All Time,MeteorDragoon|None|9-70|Elevate|None,https://beybladexmeta.com/combo/MeteorDragoon|None|9-70|Elevate|None?season=All+Time,MeteorDragoon,None,9-70,Elevate,None,320,1,0,0,0,1,1.0,1.0,39.0,Attack,Left,,6.0,,,3.0,Balance,,,,
69,All Time,KnightMail|None|9-60|Level|None,https://beybladexmeta.com/combo/KnightMail|None|9-60|Level|None?season=All+Time,KnightMail,None,9-60,Level,None,310,1,0,0,0,1,1.0,1.0,36.0,Defense,Right,,6.0,,,2.0,Attack,,,,
70,All Time,SharkScale|None|4-50|FreeBall|None,https://beybladexmeta.com/combo/SharkScale|None|4-50|FreeBall|None?season=All+Time,SharkScale,None,4-50,FreeBall,None,310,1,0,0,0,1,1.0,1.0,37.0,Attack,Right,,5.0,,,2.0,Stamina,,,,
71,All Time,TyrannoBeat|None|1-70|Kick|None,https://beybladexmeta.com/combo/TyrannoBeat|None|1-70|Kick|None?season=All+Time,TyrannoBeat,None,1-70,Kick,None,310,0,0,2,0,2,0.0,1.0,37.0,Attack,Right,,6.0,,,2.0,Balance,,,,
72,All Time,MeteorDragoon|None|9-60|LowRush|None,https://beybladexmeta.com/combo/MeteorDragoon|None|9-60|LowRush|None?season=All+Time,MeteorDragoon,None,9-60,LowRush,None,308,0,0,1,1,2,0.0,0.5,39.0,Attack,Left,,6.0,,,2.0,Attack,,,,
73,All Time,Blast|Heavy|9-60|Taper|emperor,https://beybladexmeta.com/combo/Blast|Heavy|9-60|Taper|emperor?season=All+Time,Blast,Heavy,9-60,Taper,emperor,300,1,0,0,0,1,1.0,1.0,,,,,6.0,,,2.0,Balance,,,Balance,9.0
74,All Time,PhoenixWing|None|3-60|FreeBall|None,https://beybladexmeta.com/combo/PhoenixWing|None|3-60|FreeBall|None?season=All+Time,PhoenixWing,None,3-60,FreeBall,None,300,1,0,0,0,1,1.0,1.0,39.0,Attack,Right,,6.0,,,2.0,Stamina,,,,
75,All Time,SharkScale|None|1-70|LowFlat|None,https://beybladexmeta.com/combo/SharkScale|None|1-70|LowFlat|None?season=All+Time,SharkScale,None,1-70,LowFlat,None,300,1,0,0,0,1,1.0,1.0,37.0,Attack,Right,,6.0,,,2.0,Attack,,,,
76,All Time,Blast|Assault|9-60|Ball|None,https://beybladexmeta.com/combo/Blast|Assault|9-60|Ball|None?season=All+Time,Blast,Assault,9-60,Ball,None,294,0,1,0,0,1,0.0,1.0,,,,,6.0,,,2.0,Stamina,,5.0,Attack,10.0
77,All Time,AeroPegasus|None|7-60|Level|None,https://beybladexmeta.com/combo/AeroPegasus|None|7-60|Level|None?season=All+Time,AeroPegasus,None,7-60,Level,None,294,0,1,0,0,1,0.0,1.0,38.0,Attack,Right,,7.0,,,2.0,Attack,,,,
78,All Time,SilverWolf|None|7-60|Hexa|None,https://beybladexmeta.com/combo/SilverWolf|None|7-60|Hexa|None?season=All+Time,SilverWolf,None,7-60,Hexa,None,294,0,1,0,0,1,0.0,1.0,36.0,Stamina,Right,,7.0,,,3.0,Balance,,,,
79,All Time,KnightMail|None|7-60|Rush|None,https://beybladexmeta.com/combo/KnightMail|None|7-60|Rush|None?season=All+Time,KnightMail,None,7-60,Rush,None,287,0,1,0,0,1,0.0,1.0,36.0,Defense,Right,,7.0,,,2.0,Attack,,,,
80,All Time,KnightMail|None|9-60|Rush|None,https://beybladexmeta.com/combo/KnightMail|None|9-60|Rush|None?season=All+Time,KnightMail,None,9-60,Rush,None,280,1,0,0,0,1,1.0,1.0,36.0,Defense,Right,,6.0,,,2.0,Attack,,,,
81,All Time,HoverWyvern|None|1-60|Jolt|None,https://beybladexmeta.com/combo/HoverWyvern|None|1-60|Jolt|None?season=All+Time,HoverWyvern,None,1-60,Jolt,None,280,0,1,0,1,2,0.0,0.5,35.0,Defense,Right,,6.0,,,2.0,Attack,,,,
82,All Time,TyrannoBeat|None|1-60|Level|None,https://beybladexmeta.com/combo/TyrannoBeat|None|1-60|Level|None?season=All+Time,TyrannoBeat,None,1-60,Level,None,280,1,0,0,0,1,1.0,1.0,37.0,Attack,Right,,6.0,,,2.0,Attack,,,,
83,All Time,WizardRod|None|1-60|LowOrb|None,https://beybladexmeta.com/combo/WizardRod|None|1-60|LowOrb|None?season=All+Time,WizardRod,None,1-60,LowOrb,None,280,1,0,1,0,2,0.5,1.0,35.0,Stamina,Right,,6.0,,,2.0,Stamina,,,,
84,All Time,GolemRock|None|7-60|Ball|None,https://beybladexmeta.com/combo/GolemRock|None|7-60|Ball|None?season=All+Time,GolemRock,None,7-60,Ball,None,266,0,1,0,0,1,0.0,1.0,34.0,Defense,Right,,7.0,,,2.0,Stamina,,,,
85,All Time,TyrannoBeat|None|3-60|LowRush|None,https://beybladexmeta.com/combo/TyrannoBeat|None|3-60|LowRush|None?season=All+Time,TyrannoBeat,None,3-60,LowRush,None,266,0,1,0,0,1,0.0,1.0,37.0,Attack,Right,,6.0,,,2.0,Attack,,,,
86,All Time,SharkScale|None|1-70|RubberAccel|None,https://beybladexmeta.com/combo/SharkScale|None|1-70|RubberAccel|None?season=All+Time,SharkScale,None,1-70,RubberAccel,None,252,0,1,0,0,1,0.0,1.0,37.0,Attack,Right,,6.0,,,3.0,Attack,,,,
87,All Time,SilverWolf|None|3-80|LowOrb|None,https://beybladexmeta.com/combo/SilverWolf|None|3-80|LowOrb|None?season=All+Time,SilverWolf,None,3-80,LowOrb,None,250,0,0,1,0,1,0.0,1.0,36.0,Stamina,Right,,7.0,,,2.0,Stamina,,,,
88,All Time,HoverWyvern|None|9-60|Orb|None,https://beybladexmeta.com/combo/HoverWyvern|None|9-60|Orb|None?season=All+Time,HoverWyvern,None,9-60,Orb,None,240,0,0,1,0,1,0.0,1.0,35.0,Defense,Right,,6.0,,,2.0,Stamina,,,,
89,All Time,Blast|Slash|9-60|Wedge|None,https://beybladexmeta.com/combo/Blast|Slash|9-60|Wedge|None?season=All+Time,Blast,Slash,9-60,Wedge,None,240,1,0,0,0,1,1.0,1.0,,,,,6.0,,,2.0,Defense,,4.0,Attack,9.0
90,All Time,DranBuster|None|1-60|LowFlat|None,https://beybladexmeta.com/combo/DranBuster|None|1-60|LowFlat|None?season=All+Time,DranBuster,None,1-60,LowFlat,None,240,0,0,1,0,1,0.0,1.0,37.0,Attack,Right,,6.0,,,2.0,Attack,,,,
91,All Time,WizardRod|None|3-60|Hexa|None,https://beybladexmeta.com/combo/WizardRod|None|3-60|Hexa|None?season=All+Time,WizardRod,None,3-60,Hexa,None,240,1,0,0,0,1,1.0,1.0,35.0,Stamina,Right,,6.0,,,3.0,Balance,,,,
92,All Time,Blast|Heavy|1-60|Rush|emperor,https://beybladexmeta.com/combo/Blast|Heavy|1-60|Rush|emperor?season=All+Time,Blast,Heavy,1-60,Rush,emperor,238,0,1,0,0,1,0.0,1.0,,,,,6.0,,,2.0,Attack,,,Balance,9.0
93,All Time,SharkScale|None|3-60|Kick|None,https://beybladexmeta.com/combo/SharkScale|None|3-60|Kick|None?season=All+Time,SharkScale,None,3-60,Kick,None,235,0,0,2,0,2,0.0,1.0,37.0,Attack,Right,,6.0,,,2.0,Balance,,,,
94,All Time,AeroPegasus|None|1-70|Rush|None,https://beybladexmeta.com/combo/AeroPegasus|None|1-70|Rush|None?season=All+Time,AeroPegasus,None,1-70,Rush,None,230,1,0,0,0,1,1.0,1.0,38.0,Attack,Right,,6.0,,,2.0,Attack,,,,
95,All Time,Blast|Heavy|9-60|Level|emperor,https://beybladexmeta.com/combo/Blast|Heavy|9-60|Level|emperor?season=All+Time,Blast,Heavy,9-60,Level,emperor,224,0,1,0,0,1,0.0,1.0,,,,,6.0,,,2.0,Attack,,,Balance,9.0
96,All Time,HoverWyvern|None|7-60|Level|None,https://beybladexmeta.com/combo/HoverWyvern|None|7-60|Level|None?season=All+Time,HoverWyvern,None,7-60,Level,None,224,0,1,0,0,1,0.0,1.0,35.0,Defense,Right,,7.0,,,2.0,Attack,,,,
97,All Time,PhoenixWing|None|9-60|LowRush|None,https://beybladexmeta.com/combo/PhoenixWing|None|9-60|LowRush|None?season=All+Time,PhoenixWing,None,9-60,LowRush,None,217,0,1,0,0,1,0.0,1.0,39.0,Attack,Right,,6.0,,,2.0,Attack,,,,
98,All Time,HoverWyvern|None|1-60|HighNeedle|None,https://beybladexmeta.com/combo/HoverWyvern|None|1-60|HighNeedle|None?season=All+Time,HoverWyvern,None,1-60,HighNeedle,None,217,0,1,0,0,1,0.0,1.0,35.0,Defense,Right,,6.0,,,2.0,Defense,,,,
99,All Time,DranBuster|None|9-60|LowFlat|None,https://beybladexmeta.com/combo/DranBuster|None|9-60|LowFlat|None?season=All+Time,DranBuster,None,9-60,LowFlat,None,210,0,1,0,0,1,0.0,1.0,37.0,Attack,Right,,6.0,,,2.0,Attack,,,,
100,All Time,ImpactDrake|None|4-60|Rush|None,https://beybladexmeta.com/combo/ImpactDrake|None|4-60|Rush|None?season=All+Time,ImpactDrake,None,4-60,Rush,None,210,0,1,0,0,1,0.0,1.0,39.0,Attack,Right,,6.0,,,2.0,Attack,,,,
1,Off Season 2025,WizardRod|None|1-60|Hexa|None,https://beybladexmeta.com/combo/WizardRod|None|1-60|Hexa|None?season=Off+Season+2025,WizardRod,None,1-60,Hexa,None,1461,3,4,2,1,10,0.3,0.9,35.0,Stamina,Right,,6.0,,,3.0,Balance,,,,
2,Off Season 2025,SilverWolf|None|9-60|FreeBall|None,https://beybladexmeta.com/combo/SilverWolf|None|9-60|FreeBall|None?season=Off+Season+2025,SilverWolf,None,9-60,FreeBall,None,1186,3,2,4,1,10,0.3,0.9,36.0,Stamina,Right,,6.0,,,2.0,Stamina,,,,
3,Off Season 2025,SharkScale|None|1-70|LowRush|None,https://beybladexmeta.com/combo/SharkScale|None|1-70|LowRush|None?season=Off+Season+2025,SharkScale,None,1-70,LowRush,None,988,3,1,0,0,4,0.75,1.0,37.0,Attack,Right,,6.0,,,2.0,Attack,,,,
4,Off Season 2025,WizardRod|None|9-60|Ball|None,https://beybladexmeta.com/combo/WizardRod|None|9-60|Ball|None?season=Off+Season+2025,WizardRod,None,9-60,Ball,None,776,0,1,4,0,5,0.0,1.0,35.0,Stamina,Right,,6.0,,,2.0,Stamina,,,,
5,Off Season 2025,CobaltDragoon|None|5-60|Elevate|None,https://beybladexmeta.com/combo/CobaltDragoon|None|5-60|Elevate|None?season=Off+Season+2025,CobaltDragoon,None,5-60,Elevate,None,716,0,2,3,0,5,0.0,1.0,38.0,Attack,Left,,6.0,,,3.0,Balance,,,,
6,Off Season 2025,PhoenixWing|None|1-60|Rush|None,https://beybladexmeta.com/combo/PhoenixWing|None|1-60|Rush|None?season=Off+Season+2025,PhoenixWing,None,1-60,Rush,None,591,2,1,1,0,4,0.5,1.0,39.0,Attack,Right,,6.0,,,2.0,Attack,,,,
7,Off Season 2025,SharkScale|None|3-60|LowRush|None,https://beybladexmeta.com/combo/SharkScale|None|3-60|LowRush|None?season=Off+Season+2025,SharkScale,None,3-60,LowRush,None,576,0,0,4,1,5,0.0,0.8,37.0,Attack,Right,,6.0,,,2.0,Attack,,,,
8,Off Season 2025,SilverWolf|None|9-70|FreeBall|None,https://beybladexmeta.com/combo/SilverWolf|None|9-70|FreeBall|None?season=Off+Season+2025,SilverWolf,None,9-70,FreeBall,None,496,1,1,0,0,2,0.5,1.0,36.0,Stamina,Right,,6.0,,,2.0,Stamina,,,,
9,Off Season 2025,SharkScale|None|1-60|LowRush|None,https://beybladexmeta.com/combo/SharkScale|None|1-60|LowRush|None?season=Off+Season+2025,SharkScale,None,1-60,LowRush,None,433,1,1,2,0,4,0.25,1.0,37.0,Attack,Right,,6.0,,,2.0,Attack,,,,
10,Off Season 2025,KnightMail|None|1-60|Rush|None,https://beybladexmeta.com/combo/KnightMail|None|1-60|Rush|None?season=Off+Season+2025,KnightMail,None,1-60,Rush,None,395,1,0,3,0,4,0.25,1.0,36.0,Defense,Right,,6.0,,,2.0,Attack,,,,
11,Off Season 2025,SharkScale|None|4-50|LowRush|None,https://beybladexmeta.com/combo/SharkScale|None|4-50|LowRush|None?season=Off+Season+2025,SharkScale,None,4-50,LowRush,None,378,0,2,0,0,2,0.0,1.0,37.0,Attack,Right,,5.0,,,2.0,Attack,,,,
12,Off Season 2025,WizardRod|None|1-60|FreeBall|None,https://beybladexmeta.com/combo/WizardRod|None|1-60|FreeBall|None?season=Off+Season+2025,WizardRod,None,1-60,FreeBall,None,360,0,0,3,0,3,0.0,1.0,35.0,Stamina,Right,,6.0,,,2.0,Stamina,,,,
13,Off Season 2025,WizardRod|None|1-70|Hexa|None,https://beybladexmeta.com/combo/WizardRod|None|1-70|Hexa|None?season=Off+Season+2025,WizardRod,None,1-70,Hexa,None,338,2,1,0,0,3,0.6667,1.0,35.0,Stamina,Right,,6.0,,,3.0,Balance,,,,
14,Off Season 2025,Blast|Heavy|9-60|Taper|emperor,https://beybladexmeta.com/combo/Blast|Heavy|9-60|Taper|emperor?season=Off+Season+2025,Blast,Heavy,9-60,Taper,emperor,300,1,0,0,0,1,1.0,1.0,,,,,6.0,,,2.0,Balance,,,Balance,9.0
15,Off Season 2025,TyrannoBeat|None|1-60|Level|None,https://beybladexmeta.com/combo/TyrannoBeat|None|1-60|Level|None?season=Off+Season+2025,TyrannoBeat,None,1-60,Level,None,280,1,0,0,0,1,1.0,1.0,37.0,Attack,Right,,6.0,,,2.0,Attack,,,,
16,Off Season 2025,KnightMail|None|9-60|Rush|None,https://beybladexmeta.com/combo/KnightMail|None|9-60|Rush|None?season=Off+Season+2025,KnightMail,None,9-60,Rush,None,280,1,0,0,0,1,1.0,1.0,36.0,Defense,Right,,6.0,,,2.0,Attack,,,,
17,Off Season 2025,Blast|Slash|9-60|Wedge|None,https://beybladexmeta.com/combo/Blast|Slash|9-60|Wedge|None?season=Off+Season+2025,Blast,Slash,9-60,Wedge,None,240,1,0,0,0,1,1.0,1.0,,,,,6.0,,,2.0,Defense,,4.0,Attack,9.0
18,Off Season 2025,WizardRod|None|3-60|Hexa|None,https://beybladexmeta.com/combo/WizardRod|None|3-60|Hexa|None?season=Off+Season+2025,WizardRod,None,3-60,Hexa,None,240,1,0,0,0,1,1.0,1.0,35.0,Stamina,Right,,6.0,,,3.0,Balance,,,,
19,Off Season 2025,CobaltDragoon|None|9-60|Elevate|None,https://beybladexmeta.com/combo/CobaltDragoon|None|9-60|Elevate|None?season=Off+Season+2025,CobaltDragoon,None,9-60,Elevate,None,240,1,0,0,0,1,1.0,1.0,38.0,Attack,Left,,6.0,,,3.0,Balance,,,,
20,Off Season 2025,SharkScale|None|4-50|Point|None,https://beybladexmeta.com/combo/SharkScale|None|4-50|Point|None?season=Off+Season+2025,SharkScale,None,4-50,Point,None,210,2,0,0,0,2,1.0,1.0,37.0,Attack,Right,,5.0,,,2.0,Balance,,,,
21,Off Season 2025,ImpactDrake|None|4-60|Rush|None,https://beybladexmeta.com/combo/ImpactDrake|None|4-60|Rush|None?season=Off+Season+2025,ImpactDrake,None,4-60,Rush,None,210,0,1,0,0,1,0.0,1.0,39.0,Attack,Right,,6.0,,,2.0,Attack,,,,
22,Off Season 2025,PhoenixWing|None|3-60|Rush|None,https://beybladexmeta.com/combo/PhoenixWing|None|3-60|Rush|None?season=Off+Season+2025,PhoenixWing,None,3-60,Rush,None,183,0,1,1,0,2,0.0,1.0,39.0,Attack,Right,,6.0,,,2.0,Attack,,,,
23,Off Season 2025,Blast|Jaggy|3-60|Rush|None,https://beybladexmeta.com/combo/Blast|Jaggy|3-60|Rush|None?season=Off+Season+2025,Blast,Jaggy,3-60,Rush,None,168,0,1,0,0,1,0.0,1.0,,,,,6.0,,,2.0,Attack,,5.0,Attack,9.0
24,Off Season 2025,Blast|Heavy|9-60|Kick|emperor,https://beybladexmeta.com/combo/Blast|Heavy|9-60|Kick|emperor?season=Off+Season+2025,Blast,Heavy,9-60,Kick,emperor,168,0,1,0,0,1,0.0,1.0,,,,,6.0,,,2.0,Balance,,,Balance,9.0
25,Off Season 2025,PhoenixWing|None|1-70|Rush|None,https://beybladexmeta.com/combo/PhoenixWing|None|1-70|Rush|None?season=Off+Season+2025,PhoenixWing,None,1-70,Rush,None,165,1,0,1,0,2,0.5,1.0,39.0,Attack,Right,,6.0,,,2.0,Attack,,,,
26,Off Season 2025,HoverWyvern|None|9-60|Kick|None,https://beybladexmeta.com/combo/HoverWyvern|None|9-60|Kick|None?season=Off+Season+2025,HoverWyvern,None,9-60,Kick,None,164,1,1,0,0,2,0.5,1.0,35.0,Defense,Right,,6.0,,,2.0,Balance,,,,
27,Off Season 2025,HoverWyvern|None|1-60|Kick|None,https://beybladexmeta.com/combo/HoverWyvern|None|1-60|Kick|None?season=Off+Season+2025,HoverWyvern,None,1-60,Kick,None,150,0,0,1,0,1,0.0,1.0,35.0,Defense,Right,,6.0,,,2.0,Balance,,,,
28,Off Season 2025,SilverWolf|None|5-60|FreeBall|None,https://beybladexmeta.com/combo/SilverWolf|None|5-60|FreeBall|None?season=Off+Season+2025,SilverWolf,None,5-60,FreeBall,None,150,0,0,1,0,1,0.0,1.0,36.0,Stamina,Right,,6.0,,,2.0,Stamina,,,,
29,Off Season 2025,GolemRock|None|3-60|FreeBall|None,https://beybladexmeta.com/combo/GolemRock|None|3-60|FreeBall|None?season=Off+Season+2025,GolemRock,None,3-60,FreeBall,None,150,0,0,1,0,1,0.0,1.0,34.0,Defense,Right,,6.0,,,2.0,Stamina,,,,
30,Off Season 2025,WizardRod|None|1-60|Rush|None,https://beybladexmeta.com/combo/WizardRod|None|1-60|Rush|None?season=Off+Season+2025,WizardRod,None,1-60,Rush,None,147,0,2,0,0,2,0.0,1.0,35.0,Stamina,Right,,6.0,,,2.0,Attack,,,,
31,Off Season 2025,ImpactDrake|None|4-60|Kick|None,https://beybladexmeta.com/combo/ImpactDrake|None|4-60|Kick|None?season=Off+Season+2025,ImpactDrake,None,4-60,Kick,None,140,0,0,1,0,1,0.0,1.0,39.0,Attack,Right,,6.0,,,2.0,Balance,,,,
32,Off Season 2025,SilverWolf|None|3-60|Hexa|None,https://beybladexmeta.com/combo/SilverWolf|None|3-60|Hexa|None?season=Off+Season+2025,SilverWolf,None,3-60,Hexa,None,140,0,0,1,0,1,0.0,1.0,36.0,Stamina,Right,,6.0,,,3.0,Balance,,,,
33,Off Season 2025,WizardRod|None|1-60|LowOrb|None,https://beybladexmeta.com/combo/WizardRod|None|1-60|LowOrb|None?season=Off+Season+2025,WizardRod,None,1-60,LowOrb,None,130,1,0,0,0,1,1.0,1.0,35.0,Stamina,Right,,6.0,,,2.0,Stamina,,,,
34,Off Season 2025,CobaltDragoon|None|4-60|Elevate|None,https://beybladexmeta.com/combo/CobaltDragoon|None|4-60|Elevate|None?season=Off+Season+2025,CobaltDragoon,None,4-60,Elevate,None,130,1,0,0,0,1,1.0,1.0,38.0,Attack,Left,,6.0,,,3.0,Balance,,,,
35,Off Season 2025,SharkEdge|None|3-60|LowFlat|None,https://beybladexmeta.com/combo/SharkEdge|None|3-60|LowFlat|None?season=Off+Season+2025,SharkEdge,None,3-60,LowFlat,None,129,0,0,2,1,3,0.0,0.6667,35.0,Attack,Right,,6.0,,,2.0,Attack,,,,
36,Off Season 2025,SilverWolf|None|9-70|Ball|None,https://beybladexmeta.com/combo/SilverWolf|None|9-70|Ball|None?season=Off+Season+2025,SilverWolf,None,9-70,Ball,None,120,0,0,1,0,1,0.0,1.0,36.0,Stamina,Right,,6.0,,,2.0,Stamina,,,,
37,Off Season 2025,SilverWolf|None|9-60|UnderNeedle|None,https://beybladexmeta.com/combo/SilverWolf|None|9-60|UnderNeedle|None?season=Off+Season+2025,SilverWolf,None,9-60,UnderNeedle,None,120,0,0,1,0,1,0.0,1.0,36.0,Stamina,Right,,6.0,,,2.0,Defense,,,,
38,Off Season 2025,SharkScale|None|3-60|Kick|None,https://beybladexmeta.com/combo/SharkScale|None|3-60|Kick|None?season=Off+Season+2025,SharkScale,None,3-60,Kick,None,120,0,0,1,0,1,0.0,1.0,37.0,Attack,Right,,6.0,,,2.0,Balance,,,,
39,Off Season 2025,WizardRod|None|7-60|Hexa|None,https://beybladexmeta.com/combo/WizardRod|None|7-60|Hexa|None?season=Off+Season+2025,WizardRod,None,7-60,Hexa,None,120,0,0,1,0,1,0.0,1.0,35.0,Stamina,Right,,7.0,,,3.0,Balance,,,,
40,Off Season 2025,SharkScale|None|4-50|UnderFlat|None,https://beybladexmeta.com/combo/SharkScale|None|4-50|UnderFlat|None?season=Off+Season+2025,SharkScale,None,4-50,UnderFlat,None,120,1,0,0,0,1,1.0,1.0,37.0,Attack,Right,,5.0,,,2.0,Attack,,,,
41,Off Season 2025,DranSword|None|1-60|Rush|None,https://beybladexmeta.com/combo/DranSword|None|1-60|Rush|None?season=Off+Season+2025,DranSword,None,1-60,Rush,None,120,0,0,1,0,1,0.0,1.0,35.0,Attack,Right,,6.0,,,2.0,Attack,,,,
42,Off Season 2025,TyrannoBeat|None|5-60|Kick|None,https://beybladexmeta.com/combo/TyrannoBeat|None|5-60|Kick|None?season=Off+Season+2025,TyrannoBeat,None,5-60,Kick,None,120,1,0,0,0,1,1.0,1.0,37.0,Attack,Right,,6.0,,,2.0,Balance,,,,
43,Off Season 2025,HoverWyvern|None|3-60|Kick|None,https://beybladexmeta.com/combo/HoverWyvern|None|3-60|Kick|None?season=Off+Season+2025,HoverWyvern,None,3-60,Kick,None,110,0,0,2,0,2,0.0,1.0,35.0,Defense,Right,,6.0,,,2.0,Balance,,,,
44,Off Season 2025,SamuraiSaber|None|5-60|Taper|None,https://beybladexmeta.com/combo/SamuraiSaber|None|5-60|Taper|None?season=Off+Season+2025,SamuraiSaber,None,5-60,Taper,None,105,0,0,2,0,2,0.0,1.0,36.0,Attack,Right,,6.0,,,2.0,Balance,,,,
45,Off Season 2025,DranDagger|None|4-60|Rush|None,https://beybladexmeta.com/combo/DranDagger|None|4-60|Rush|None?season=Off+Season+2025,DranDagger,None,4-60,Rush,None,105,0,0,2,0,2,0.0,1.0,35.0,Attack,Right,,6.0,,,2.0,Attack,,,,
46,Off Season 2025,PhoenixWing|None|3-60|LowFlat|None,https://beybladexmeta.com/combo/PhoenixWing|None|3-60|LowFlat|None?season=Off+Season+2025,PhoenixWing,None,3-60,LowFlat,None,91,0,1,0,0,1,0.0,1.0,39.0,Attack,Right,,6.0,,,2.0,Attack,,,,
47,Off Season 2025,SharkScale|None|3-60|Level|None,https://beybladexmeta.com/combo/SharkScale|None|3-60|Level|None?season=Off+Season+2025,SharkScale,None,3-60,Level,None,84,0,1,0,0,1,0.0,1.0,37.0,Attack,Right,,6.0,,,2.0,Attack,,,,
48,Off Season 2025,PhoenixWing|None|3-70|LowRush|None,https://beybladexmeta.com/combo/PhoenixWing|None|3-70|LowRush|None?season=Off+Season+2025,PhoenixWing,None,3-70,LowRush,None,84,0,1,0,0,1,0.0,1.0,39.0,Attack,Right,,6.0,,,2.0,Attack,,,,
49,Off Season 2025,WizardRod|None|6-60|Ball|None,https://beybladexmeta.com/combo/WizardRod|None|6-60|Ball|None?season=Off+Season+2025,WizardRod,None,6-60,Ball,None,84,0,1,0,0,1,0.0,1.0,35.0,Stamina,Right,,6.0,,,2.0,Stamina,,,,
50,Off Season 2025,DranBuster|None|1-60|Rush|None,https://beybladexmeta.com/combo/DranBuster|None|1-60|Rush|None?season=Off+Season+2025,DranBuster,None,1-60,Rush,None,84,0,0,1,1,2,0.0,0.5,37.0,Attack,Right,,6.0,,,2.0,Attack,,,,
51,Off Season 2025,TyrannoBeat|None|6-60|Kick|None,https://beybladexmeta.com/combo/TyrannoBeat|None|6-60|Kick|None?season=Off+Season+2025,TyrannoBeat,None,6-60,Kick,None,65,0,0,1,0,1,0.0,1.0,37.0,Attack,Right,,6.0,,,2.0,Balance,,,,
52,Off Season 2025,SharkScale|None|4-60|UnderFlat|None,https://beybladexmeta.com/combo/SharkScale|None|4-60|UnderFlat|None?season=Off+Season+2025,SharkScale,None,4-60,UnderFlat,None,65,0,0,1,0,1,0.0,1.0,37.0,Attack,Right,,6.0,,,2.0,Attack,,,,
53,Off Season 2025,Blast|Assault|9-60|LowRush|None,https://beybladexmeta.com/combo/Blast|Assault|9-60|LowRush|None?season=Off+Season+2025,Blast,Assault,9-60,LowRush,None,63,0,1,0,0,1,0.0,1.0,,,,,6.0,,,2.0,Attack,,5.0,Attack,10.0
54,Off Season 2025,PhoenixWing|None|3-60|Hexa|None,https://beybladexmeta.com/combo/PhoenixWing|None|3-60|Hexa|None?season=Off+Season+2025,PhoenixWing,None,3-60,Hexa,None,60,0,0,1,0,1,0.0,1.0,39.0,Attack,Right,,6.0,,,3.0,Balance,,,,
55,Off Season 2025,TyrannoRoar|None|3-70|Kick|None,https://beybladexmeta.com/combo/TyrannoRoar|None|3-70|Kick|None?season=Off+Season+2025,TyrannoRoar,None,3-70,Kick,None,60,0,0,1,0,1,0.0,1.0,36.0,Attack,Right,,6.0,,,2.0,Balance,,,,
56,Off Season 2025,SamuraiSaber|None|3-60|Hexa|None,https://beybladexmeta.com/combo/SamuraiSaber|None|3-60|Hexa|None?season=Off+Season+2025,SamuraiSaber,None,3-60,Hexa,None,60,0,0,1,0,1,0.0,1.0,36.0,Attack,Right,,6.0,,,3.0,Balance,,,,
57,Off Season 2025,SharkScale|None|9-60|LowRush|None,https://beybladexmeta.com/combo/SharkScale|None|9-60|LowRush|None?season=Off+Season+2025,SharkScale,None,9-60,LowRush,None,60,0,0,1,0,1,0.0,1.0,37.0,Attack,Right,,6.0,,,2.0,Attack,,,,
58,Off Season 2025,TyrannoBeat|None|1-70|Kick|None,https://beybladexmeta.com/combo/TyrannoBeat|None|1-70|Kick|None?season=Off+Season+2025,TyrannoBeat,None,1-70,Kick,None,60,0,0,1,0,1,0.0,1.0,37.0,Attack,Right,,6.0,,,2.0,Balance,,,,
59,Off Season 2025,Blast|Heavy|9-60|LowRush|None,https://beybladexmeta.com/combo/Blast|Heavy|9-60|LowRush|None?season=Off+Season+2025,Blast,Heavy,9-60,LowRush,None,56,0,1,0,0,1,0.0,1.0,,,,,6.0,,,2.0,Attack,,,Balance,9.0
60,Off Season 2025,PhoenixWing|None|None|Operate|None,https://beybladexmeta.com/combo/PhoenixWing|None|None|Operate|None?season=Off+Season+2025,PhoenixWing,None,None,Operate,None,56,0,1,0,0,1,0.0,1.0,39.0,Attack,Right,,,,,14.0,"Balance, Hybrid Part",,,,
61,Off Season 2025,SharkEdge|None|3-80|LowFlat|None,https://beybladexmeta.com/combo/SharkEdge|None|3-80|LowFlat|None?season=Off+Season+2025,SharkEdge,None,3-80,LowFlat,None,40,0,0,1,0,1,0.0,1.0,35.0,Attack,Right,,7.0,,,2.0,Attack,,,,
62,Off Season 2025,SamuraiSaber|None|7-60|Hexa|None,https://beybladexmeta.com/combo/SamuraiSaber|None|7-60|Hexa|None?season=Off+Season+2025,SamuraiSaber,None,7-60,Hexa,None,40,0,0,1,0,1,0.0,1.0,36.0,Attack,Right,,7.0,,,3.0,Balance,,,,
63,Off Season 2025,KnightMail|None|1-60|Point|None,https://beybladexmeta.com/combo/KnightMail|None|1-60|Point|None?season=Off+Season+2025,KnightMail,None,1-60,Point,None,40,0,0,1,0,1,0.0,1.0,36.0,Defense,Right,,6.0,,,2.0,Balance,,,,
64,Off Season 2025,WizardRod|None|5-60|Ball|None,https://beybladexmeta.com/combo/WizardRod|None|5-60|Ball|None?season=Off+Season+2025,WizardRod,None,5-60,Ball,None,24,0,0,0,1,1,0.0,0.0,35.0,Stamina,Right,,6.0,,,2.0,Stamina,,,,
